Constituency,State,Candidate_First,Party_First,Candidate_Second,Party_Second,Margin
Adilabad - 1,Telangana,Godam Nagesh,Bharatiya Janata Party,Athram Suguna,Indian National Congress,90652.0
Agra - 18,Uttar Pradesh,Prof S P Singh Baghel,Bharatiya Janata Party,Suresh Chand Kardam,Samajwadi Party,271294.0
Ahmedabad East - 7,Gujarat,Hasmukhbhai Patel (H.S.Patel),Bharatiya Janata Party,Himmatsinh Prahladsinh Patel,Indian National Congress,461755.0
Ahmedabad West - 8,Gujarat,Dineshbhai Makwana (Advocate),Bharatiya Janata Party,Bharat Yogendra Makwana,Indian National Congress,286437.0
Ahmednagar - 37,Maharashtra,Nilesh Dnyandev Lanke,Nationalist Congress Party  Sharadchandra Pawar,Dr. Sujay Radhakrishna Vikhepatil,Bharatiya Janata Party,28929.0
Ajmer - 13,Rajasthan,Bhagirath Choudhary,Bharatiya Janata Party,Ramchandra Choudhary,Indian National Congress,329991.0
Akbarpur - 44,Uttar Pradesh,Devendra Singh Alias Bhole Singh,Bharatiya Janata Party,Rajaram Pal,Samajwadi Party,44345.0
Akola - 6,Maharashtra,Anup Sanjay Dhotre,Bharatiya Janata Party,Abhay Kashinath Patil,Indian National Congress,40626.0
Alappuzha - 15,Kerala,K. C Venugopal,Indian National Congress,A. M Ariff,Communist Party Of India (Marxist),63513.0
Alathur - 9,Kerala,K.Radhakrishnan,Communist Party Of India (Marxist),Ramya Haridas,Indian National Congress,20111.0
Aligarh - 15,Uttar Pradesh,Satish Kumar Gautam,Bharatiya Janata Party,Bijendra Singh,Samajwadi Party,15647.0
Alipurduars - 2,West Bengal,Manoj Tigga,Bharatiya Janata Party,Prakash Chik Baraik,All India Trinamool Congress,75447.0
Allahabad - 52,Uttar Pradesh,Ujjwal Raman Singh,Indian National Congress,Neeraj Tripathi,Bharatiya Janata Party,58795.0
Almora - 3,Uttarakhand,Ajay Tamta,Bharatiya Janata Party,Pradeep Tamta,Indian National Congress,234097.0
Alwar - 8,Rajasthan,Bhupender Yadav,Bharatiya Janata Party,Lalit Yadav,Indian National Congress,48282.0
Amalapuram (Sc) - 7,Andhra Pradesh,G M Harish (Balayogi),Telugu Desam,Rapaka Varaprasada Rao,Yuvajana Sramika Rythu Congress Party,342196.0
Ambala - 1,Haryana,Varun Chaudhry,Indian National Congress,Banto Kataria,Bharatiya Janata Party,49036.0
Ambedkar Nagar - 55,Uttar Pradesh,Lalji Verma,Samajwadi Party,Ritesh Pandey,Bharatiya Janata Party,137247.0
Amethi - 37,Uttar Pradesh,Kishori Lal,Indian National Congress,Smriti Irani,Bharatiya Janata Party,167196.0
Amravati - 7,Maharashtra,Balwant Baswant Wankhade,Indian National Congress,Navneet Ravi Rana,Bharatiya Janata Party,19731.0
Amreli - 14,Gujarat,Bharatbhai Manubhai Sutariya,Bharatiya Janata Party,Jenny Thummar,Indian National Congress,321068.0
Amritsar - 2,Punjab,Gurjeet Singh Aujla,Indian National Congress,Kuldeep Singh Dhaliwal,Aam Aadmi Party,40301.0
Amroha - 9,Uttar Pradesh,Kanwar Singh Tanwar,Bharatiya Janata Party,Kunwar Danish Ali,Indian National Congress,28670.0
Anakapalle - 5,Andhra Pradesh,C.M.Ramesh,Bharatiya Janata Party,Budi Mutyala Naidu,Yuvajana Sramika Rythu Congress Party,296530.0
Anand - 16,Gujarat,Mitesh Patel (Bakabhai),Bharatiya Janata Party,Amit Chavda,Indian National Congress,89939.0
Anandpur Sahib - 6,Punjab,Malvinder Singh Kang,Aam Aadmi Party,Vijay Inder Singla,Indian National Congress,10846.0
Ananthapur - 19,Andhra Pradesh,Ambica G Lakshminarayana Valmiki,Telugu Desam,Malagundla Sankar Narayana,Yuvajana Sramika Rythu Congress Party,188555.0
Anantnag-Rajouri - 3,Jammu And Kashmir,Mian Altaf Ahmad,Jammu & Kashmir National Conference,Mehbooba Mufti,Jammu & Kashmir Peoples Democratic Party,281794.0
Andaman & Nicobar Islands - 1,Andaman & Nicobar Islands,Bishnu Pada Ray,Bharatiya Janata Party,Kuldeep Rai Sharma,Indian National Congress,24396.0
Aonla - 24,Uttar Pradesh,Neeraj Maurya,Samajwadi Party,Dharmendra Kashyap,Bharatiya Janata Party,15969.0
Arakkonam - 7,Tamil Nadu,S Jagathratchakan,Dravida Munnetra Kazhagam,L Vijayan,All India Anna Dravida Munnetra Kazhagam,306559.0
Araku (St) - 1,Andhra Pradesh,Gumma Thanuja Rani,Yuvajana Sramika Rythu Congress Party,Kothapalli Geetha,Bharatiya Janata Party,50580.0
Arambagh - 29,West Bengal,Bag Mitali,All India Trinamool Congress,Arup Kanti Digar,Bharatiya Janata Party,6399.0
Arani - 12,Tamil Nadu,Tharaniventhan M S,Dravida Munnetra Kazhagam,"Gajendran, G.V.",All India Anna Dravida Munnetra Kazhagam,208766.0
Araria - 9,Bihar,Pradeep Kumar Singh,Bharatiya Janata Party,Shahnawaz,Rashtriya Janata Dal,20094.0
Arrah - 32,Bihar,Sudama Prasad,Communist Party Of India (Marxist-Leninist) (Liberation),R. K. Singh,Bharatiya Janata Party,59808.0
Arunachal East - 2,Arunachal Pradesh,Tapir Gao,Bharatiya Janata Party,Bosiram Siram,Indian National Congress,30421.0
Arunachal West - 1,Arunachal Pradesh,Kiren Rijiju,Bharatiya Janata Party,Nabam Tuki,Indian National Congress,100738.0
Asansol - 40,West Bengal,Shatrughan Prasad Sinha,All India Trinamool Congress,Surendrajeet Singh Ahluwalia,Bharatiya Janata Party,59564.0
Aska - 19,Odisha,Anita Subhadarshini,Bharatiya Janata Party,Ranjita Sahu,Biju Janata Dal,99974.0
Attingal - 19,Kerala,Adv Adoor Prakash,Indian National Congress,V Joy,Communist Party Of India (Marxist),684.0
Aurangabad - 19,Maharashtra,Bhumare Sandipanrao Asaram,Shiv Sena,Imtiaz Jaleel Syed,All India Majlis-E-Ittehadul Muslimeen,134650.0
Aurangabad - 37,Bihar,Abhay Kumar Sinha,Rashtriya Janata Dal,Sushil Kumar Singh,Bharatiya Janata Party,79111.0
Azamgarh - 69,Uttar Pradesh,Dharmendra Yadav,Samajwadi Party,Dinesh Lal Yadav ÂNirahuaâ,Bharatiya Janata Party,161035.0
Badaun - 23,Uttar Pradesh,Aditya Yadav,Samajwadi Party,Durvijay Singh Shakya,Bharatiya Janata Party,34991.0
Bagalkot - 3,Karnataka,Gaddigoudar. Parvatagouda. Chandanagouda.,Bharatiya Janata Party,Samyukta Shivanand Patil,Indian National Congress,68399.0
Baghpat - 11,Uttar Pradesh,Dr Rajkumar Sangwan,Rashtriya Lok Dal,Amarpal,Samajwadi Party,159459.0
Baharaich - 56,Uttar Pradesh,Anand Kumar,Bharatiya Janata Party,Ramesh Chandra,Samajwadi Party,64227.0
Baharampur - 10,West Bengal,Pathan Yusuf,All India Trinamool Congress,Adhir Ranjan Chowdhury,Indian National Congress,85022.0
Balaghat - 15,Madhya Pradesh,Bharti Pardhi,Bharatiya Janata Party,Samrat Ashok Singh Saraswar,Indian National Congress,174512.0
Balasore - 6,Odisha,Pratap Chandra Sarangi,Bharatiya Janata Party,Lekhasri Samantsinghar,Biju Janata Dal,147156.0
Ballia - 72,Uttar Pradesh,Sanatan Pandey,Samajwadi Party,Neeraj Shekhar,Bharatiya Janata Party,43384.0
Balurghat - 6,West Bengal,Sukanta Majumdar,Bharatiya Janata Party,Biplab Mitra,All India Trinamool Congress,10386.0
Banaskantha - 2,Gujarat,Geniben Nagaji Thakor,Indian National Congress,Dr. Rekhaben Hiteshbhai Chaudhari,Bharatiya Janata Party,30406.0
Banda - 48,Uttar Pradesh,Krishna Devi Shivshanker Patel,Samajwadi Party,R. K. Singh Patel,Bharatiya Janata Party,71210.0
Bangalore Central - 25,Karnataka,P C Mohan,Bharatiya Janata Party,Mansoor Ali Khan,Indian National Congress,32707.0
Bangalore North - 24,Karnataka,Shobha Karandlaje,Bharatiya Janata Party,Professor M.V Rajeev Gowda,Indian National Congress,259476.0
Bangalore Rural - 23,Karnataka,Dr C N Manjunath,Bharatiya Janata Party,D K Suresh,Indian National Congress,269647.0
Bangalore South - 26,Karnataka,Tejasvi Surya,Bharatiya Janata Party,Sowmya Reddy,Indian National Congress,277083.0
Bangaon - 14,West Bengal,Shantanu Thakur,Bharatiya Janata Party,Biswajit Das S/O Late Bijay Krishna Das,All India Trinamool Congress,73693.0
Banka - 27,Bihar,Giridhari Yadav,Janata Dal (United),Jai Prakash Narayan Yadav,Rashtriya Janata Dal,103844.0
Bankura - 36,West Bengal,Arup Chakraborty,All India Trinamool Congress,Dr. Subhas Sarkar,Bharatiya Janata Party,32778.0
Bansgaon - 67,Uttar Pradesh,Kamlesh Paswan,Bharatiya Janata Party,Sadal Prasad,Indian National Congress,3150.0
Banswara - 20,Rajasthan,Raj Kumar Roat,Bharat Adivasi Party,Mahendrajeetsingh Malviya,Bharatiya Janata Party,247054.0
Bapatla (Sc) - 15,Andhra Pradesh,Krishna Prasad Tenneti,Telugu Desam,Nandigam Suresh Babu,Yuvajana Sramika Rythu Congress Party,208031.0
Barabanki - 53,Uttar Pradesh,Tanuj Punia,Indian National Congress,Rajrani Rawat,Bharatiya Janata Party,215704.0
Baramati - 35,Maharashtra,Supriya Sule,Nationalist Congress Party  Sharadchandra Pawar,Sunetra Ajitdada Pawar,Nationalist Congress Party,158333.0
Baramulla - 1,Jammu And Kashmir,Abdul Rashid Sheikh,Independent,Omar Abdullah,Jammu & Kashmir National Conference,204142.0
Barasat - 17,West Bengal,Kakoli Ghosh Dastidar,All India Trinamool Congress,Swapan Majumder,Bharatiya Janata Party,114189.0
Bardhaman Purba - 38,West Bengal,Dr. Sharmila Sarkar,All India Trinamool Congress,Asim Kumar Sarkar,Bharatiya Janata Party,160572.0
Bardhaman-Durgapur - 39,West Bengal,Azad Kirti Jha,All India Trinamool Congress,Dilip Ghosh,Bharatiya Janata Party,137981.0
Bardoli - 23,Gujarat,Parbhubhai Nagarbhai Vasava,Bharatiya Janata Party,Chaudhary Siddharth Amarsinh,Indian National Congress,230253.0
Bareilly - 25,Uttar Pradesh,Chhatra Pal Singh Gangwar,Bharatiya Janata Party,Praveen Singh Aron,Samajwadi Party,34804.0
Bargarh - 1,Odisha,Pradeep Purohit,Bharatiya Janata Party,Parinita Mishra,Biju Janata Dal,251667.0
Barmer - 17,Rajasthan,Ummeda Ram Beniwal,Indian National Congress,Ravindra Singh Bhati,Independent,118176.0
Barpeta - 3,Assam,Phani Bhusan Choudhury,Asom Gana Parishad,Deep Bayan,Indian National Congress,222351.0
Barrackpur - 15,West Bengal,Partha Bhowmick,All India Trinamool Congress,Arjun Singh,Bharatiya Janata Party,64438.0
Basirhat - 18,West Bengal,Sk Nurul Islam,All India Trinamool Congress,Rekha Patra,Bharatiya Janata Party,333547.0
Bastar - 10,Chhattisgarh,Mahesh Kashyap,Bharatiya Janata Party,Kawasi Lakhma,Indian National Congress,55245.0
Basti - 61,Uttar Pradesh,Ram Prasad Chaudhary,Samajwadi Party,Harish Chandra Alias Harish Dwivedi,Bharatiya Janata Party,100994.0
Bathinda - 11,Punjab,Harsimrat Kaur Badal,Shiromani Akali Dal,Gurmeet Singh Khudian,Aam Aadmi Party,49656.0
Beed - 39,Maharashtra,Bajrang Manohar Sonwane,Nationalist Congress Party  Sharadchandra Pawar,Pankaja Gopinathrao Munde,Bharatiya Janata Party,6553.0
Begusarai - 24,Bihar,Giriraj Singh,Bharatiya Janata Party,Abdhesh Kumar Roy,Communist Party Of India,81480.0
Belgaum - 2,Karnataka,Jagadish Shettar,Bharatiya Janata Party,Mrinal R Hebbalkar,Indian National Congress,178437.0
Bellary - 9,Karnataka,E. Tukaram,Indian National Congress,B. Sreeramulu,Bharatiya Janata Party,98992.0
Berhampur - 20,Odisha,Dr. Pradeep Kumar Panigrahy,Bharatiya Janata Party,Bhrugu Baxipatra,Biju Janata Dal,165476.0
Betul - 29,Madhya Pradesh,Durgadas (D. D.) Uikey,Bharatiya Janata Party,Ramu Tekam,Indian National Congress,379761.0
Bhadohi - 78,Uttar Pradesh,Dr. Vinod Kumar Bind,Bharatiya Janata Party,Laliteshpati Tripathi,All India Trinamool Congress,44072.0
Bhadrak - 7,Odisha,Avimanyu Sethi,Bharatiya Janata Party,Manjulata Mandal,Biju Janata Dal,91544.0
Bhagalpur - 26,Bihar,Ajay Kumar Mandal,Janata Dal (United),Ajeet Sharma,Indian National Congress,104868.0
Bhandara Gondiya - 11,Maharashtra,Dr. Prashant Yadaorao Padole,Indian National Congress,Sunil Baburao Mendhe,Bharatiya Janata Party,37380.0
Bharatpur - 9,Rajasthan,Sanjna Jatav,Indian National Congress,Ramswaroop Koli,Bharatiya Janata Party,51983.0
Bharuch - 22,Gujarat,Mansukhbhai Dhanjibhai Vasava,Bharatiya Janata Party,Chaitarbhai Damjibhai Vasava,Aam Aadmi Party,85696.0
Bhavnagar - 15,Gujarat,Nimuben Jayantibhai Bambhaniya (Nimuben Bambhaniya),Bharatiya Janata Party,Umeshbhai Naranbhai Makwana,Aam Aadmi Party,455289.0
Bhilwara - 23,Rajasthan,Damodar Agarwal,Bharatiya Janata Party,C P Joshi,Indian National Congress,354606.0
Bhind - 2,Madhya Pradesh,Sandhya Ray,Bharatiya Janata Party,Phool Singh Baraiya,Indian National Congress,64840.0
Bhiwandi - 23,Maharashtra,Balya Mama - Suresh Gopinath Mhatre,Nationalist Congress Party  Sharadchandra Pawar,Kapil Moreshwar Patil,Bharatiya Janata Party,66121.0
Bhiwani-Mahendragarh - 8,Haryana,Dharambir Singh,Bharatiya Janata Party,Rao Dan Singh,Indian National Congress,41510.0
Bhongir - 14,Telangana,Chamala Kiran Kumar Reddy,Indian National Congress,Dr. Boora Narsaiah Goud,Bharatiya Janata Party,222170.0
Bhopal - 19,Madhya Pradesh,Alok Sharma,Bharatiya Janata Party,Advocate Arun Shrivastava,Indian National Congress,501499.0
Bhubaneswar - 18,Odisha,Aparajita Sarangi,Bharatiya Janata Party,Manmath Kumar Routray,Biju Janata Dal,35152.0
Bidar - 7,Karnataka,Sagar Eshwar Khandre,Indian National Congress,Bhagwanth Khuba,Bharatiya Janata Party,128875.0
Bijapur - 4,Karnataka,Ramesh Jigajinagi,Bharatiya Janata Party,Raju Alagur.,Indian National Congress,77229.0
Bijnor - 4,Uttar Pradesh,Chandan Chauhan,Rashtriya Lok Dal,Deepak,Samajwadi Party,37508.0
Bikaner - 2,Rajasthan,Arjun Ram Meghwal,Bharatiya Janata Party,Govindram Meghwal,Indian National Congress,55711.0
Bilaspur - 5,Chhattisgarh,Tokhan Sahu,Bharatiya Janata Party,Devendra Yadav,Indian National Congress,164558.0
Birbhum - 42,West Bengal,Satabdi Roy,All India Trinamool Congress,Debtanu Bhattacharya,Bharatiya Janata Party,197650.0
Bishnupur - 37,West Bengal,Khan Saumitra,Bharatiya Janata Party,Sujata Mondal,All India Trinamool Congress,5567.0
Bolangir - 10,Odisha,Sangeeta Kumari Singh Deo,Bharatiya Janata Party,Surendra Singh Bhoi,Biju Janata Dal,132664.0
Bolpur - 41,West Bengal,Asit Kumar Mal,All India Trinamool Congress,Piya Saha,Bharatiya Janata Party,327253.0
Bulandshahr - 14,Uttar Pradesh,Dr Bhola Singh,Bharatiya Janata Party,Shivram,Indian National Congress,275134.0
Buldhana - 5,Maharashtra,Jadhav Prataprao Ganpatrao,Shiv Sena,Narendra Dagdu Khedekar,Shiv Sena (Uddhav Balasaheb Thackrey),29479.0
Buxar - 33,Bihar,Sudhakar Singh,Rashtriya Janata Dal,Mithilesh Tiwari,Bharatiya Janata Party,30091.0
Chalakudy - 11,Kerala,Benny Behanan,Indian National Congress,Prof C Raveendranath,Communist Party Of India (Marxist),63754.0
Chamarajanagar - 22,Karnataka,Sunil Bose,Indian National Congress,Balaraj.S,Bharatiya Janata Party,188706.0
Chandauli - 76,Uttar Pradesh,Birendra Singh,Samajwadi Party,Dr. Mahendra Nath Pandey,Bharatiya Janata Party,21565.0
Chandigarh - 1,Chandigarh,Manish Tewari,Indian National Congress,Sanjay Tandon,Bharatiya Janata Party,2504.0
Chandni Chowk - 1,Nct Of Delhi,Praveen Khandelwal,Bharatiya Janata Party,Jai Prakash Agarwal,Indian National Congress,89325.0
Chandrapur - 13,Maharashtra,Dhanorkar Pratibha Suresh Alias Balubhau,Indian National Congress,Mungantiwar Sudhir Sacchidanand,Bharatiya Janata Party,260406.0
Chatra - 4,Jharkhand,Kali Charan Singh,Bharatiya Janata Party,Krishna Nand Tripathi,Indian National Congress,220959.0
Chennai Central - 4,Tamil Nadu,Dayanidhi Maran,Dravida Munnetra Kazhagam,Vinoj,Bharatiya Janata Party,244689.0
Chennai North - 2,Tamil Nadu,Dr.Kalanidhi Veeraswamy,Dravida Munnetra Kazhagam,R. Manohar,All India Anna Dravida Munnetra Kazhagam,339222.0
Chennai South - 3,Tamil Nadu,T.Sumathy (Alias) Thamizhachi Thangapandian,Dravida Munnetra Kazhagam,Dr.Tamilisai Soundararajan,Bharatiya Janata Party,225945.0
Chevella - 10,Telangana,Konda Vishweshwar Reddy,Bharatiya Janata Party,Dr Gaddam Ranjith Reddy,Indian National Congress,172897.0
Chhindwara - 16,Madhya Pradesh,Bunty Vivek Sahu,Bharatiya Janata Party,Nakul Kamalnath,Indian National Congress,113618.0
Chhota Udaipur - 21,Gujarat,Jashubhai Bhilubhai Rathva,Bharatiya Janata Party,Sukhrambhai Hariyabhai Rathwa,Indian National Congress,398777.0
Chidambaram - 27,Tamil Nadu,Thirumaavalavan Thol,Viduthalai Chiruthaigal Katchi,Chandrahasan M,All India Anna Dravida Munnetra Kazhagam,103554.0
Chikkballapur - 27,Karnataka,Dr.K.Sudhakar,Bharatiya Janata Party,M.S. Raksha Ramaiah,Indian National Congress,163460.0
Chikkodi - 1,Karnataka,Priyanka Satish Jarkiholi,Indian National Congress,Annasaheb Shankar Jolle,Bharatiya Janata Party,90834.0
Chitradurga - 18,Karnataka,Govind Makthappa Karjol,Bharatiya Janata Party,B.N.Chandrappa,Indian National Congress,48121.0
Chittoor(Sc) - 25,Andhra Pradesh,Daggumalla Prasada Rao,Telugu Desam,Reddeppa.N .,Yuvajana Sramika Rythu Congress Party,220479.0
Chittorgarh - 21,Rajasthan,Chandra Prakash Joshi,Bharatiya Janata Party,Anjana Udailal,Indian National Congress,389877.0
Churu - 3,Rajasthan,Rahul Kaswan,Indian National Congress,Devendra Jhajharia,Bharatiya Janata Party,72737.0
Coimbatore - 20,Tamil Nadu,Ganapathy Rajkumar P,Dravida Munnetra Kazhagam,Annamalai K,Bharatiya Janata Party,118068.0
Coochbehar - 1,West Bengal,Jagadish Chandra Barma Basunia,All India Trinamool Congress,Nisith Pramanik,Bharatiya Janata Party,39250.0
Cuddalore - 26,Tamil Nadu,M.K. Vishnuprasad,Indian National Congress,P. Sivakozhundu,Desiya Murpokku Dravida Kazhagam,185896.0
Cuttack - 14,Odisha,Bhartruhari Mahtab,Bharatiya Janata Party,Santrupt Misra,Biju Janata Dal,57077.0
Dadar & Nagar Haveli - 2,Dadra & Nagar Haveli And Daman & Diu,Delkar Kalaben Mohanbhai,Bharatiya Janata Party,Ajit Ramjibhai Mahala,Indian National Congress,57584.0
Dahod - 19,Gujarat,Jaswantsinh Sumanbhai Bhabhor,Bharatiya Janata Party,Dr. Prabhaben Kishorsinh Taviyad,Indian National Congress,333677.0
Dakshina Kannada - 17,Karnataka,Captain Brijesh Chowta,Bharatiya Janata Party,Padmaraj.R.Poojary,Indian National Congress,149208.0
Daman & Diu - 1,Dadra & Nagar Haveli And Daman & Diu,Patel Umeshbhai Babubhai,Independent,Lalubhai Babubhai Patel,Bharatiya Janata Party,6225.0
Damoh - 7,Madhya Pradesh,Rahul Singh Lodhi,Bharatiya Janata Party,Tarbar Singh Lodhi (Bantu Bhaiya),Indian National Congress,406426.0
Darbhanga - 14,Bihar,Gopal Jee Thakur,Bharatiya Janata Party,Lalit Kumar Yadav,Rashtriya Janata Dal,178156.0
Darjeeling - 4,West Bengal,Raju Bista,Bharatiya Janata Party,Gopal Lama,All India Trinamool Congress,178525.0
Darrang-Udalguri - 4,Assam,Dilip Saikia,Bharatiya Janata Party,Madhab Rajbangshi,Indian National Congress,329012.0
Dausa - 11,Rajasthan,Murari Lal Meena,Indian National Congress,Kanhaiya Lal Meena,Bharatiya Janata Party,237340.0
Davanagere - 13,Karnataka,Dr. Prabha Mallikarjun,Indian National Congress,Gayithri Siddeshwara,Bharatiya Janata Party,26094.0
Deoria - 66,Uttar Pradesh,Shashank Mani,Bharatiya Janata Party,Akhilesh Pratap Singh,Indian National Congress,34842.0
Dewas - 21,Madhya Pradesh,Mahendra Singh Solanky,Bharatiya Janata Party,Rajendra Radhakishan Malviya,Indian National Congress,425225.0
Dhanbad - 7,Jharkhand,Dulu Mahato,Bharatiya Janata Party,Anupama Singh,Indian National Congress,331583.0
Dhar - 25,Madhya Pradesh,Savitri Thakur,Bharatiya Janata Party,Radheshyam Muvel,Indian National Congress,218665.0
Dharmapuri - 10,Tamil Nadu,Mani. A.,Dravida Munnetra Kazhagam,Sowmiya Anbumani,Pattali Makkal Katchi,21300.0
Dharwad - 11,Karnataka,Pralhad Joshi,Bharatiya Janata Party,Vinod Asooti,Indian National Congress,97324.0
Dhaurahra - 29,Uttar Pradesh,Anand Bhadauriya,Samajwadi Party,Rekha Verma,Bharatiya Janata Party,4449.0
Dhenkanal - 9,Odisha,Rudra Narayan Pany,Bharatiya Janata Party,Abinash Samal,Biju Janata Dal,76567.0
Dhubri - 2,Assam,Rakibul Hussain,Indian National Congress,Mohammed Badruddin Ajmal,All India United Democratic Front,1012476.0
Dhule - 2,Maharashtra,Bachhav Shobha Dinesh,Indian National Congress,Bhamre Subhash Ramrao,Bharatiya Janata Party,3831.0
Diamond Harbour - 21,West Bengal,Abhishek Banerjee,All India Trinamool Congress,Abhijit Das (Bobby),Bharatiya Janata Party,710930.0
Dibrugarh - 13,Assam,Sarbananda Sonowal,Bharatiya Janata Party,Lurinjyoti Gogoi,Assam Jatiya Parishad,279321.0
Dindigul - 22,Tamil Nadu,Sachithanantham R,Communist Party Of India (Marxist),Mohamed Mubarak M A,All India Anna Dravida Munnetra Kazhagam,443821.0
Dindori - 20,Maharashtra,Bhaskar Murlidhar Bhagare,Nationalist Congress Party  Sharadchandra Pawar,Dr. Bharati Pravin Pawar,Bharatiya Janata Party,113199.0
Diphu - 6,Assam,Amarsing Tisso,Bharatiya Janata Party,J. I. Kathar,Independent,147603.0
Domariyaganj - 60,Uttar Pradesh,Jagdambika Pal,Bharatiya Janata Party,Bhishma Shankar Alias Kushal Tiwari,Samajwadi Party,42728.0
Dum Dum - 16,West Bengal,Sougata Ray,All India Trinamool Congress,Silbhadra Datta,Bharatiya Janata Party,70660.0
Dumka - 2,Jharkhand,Nalin Soren,Jharkhand Mukti Morcha,Sita Murmu,Bharatiya Janata Party,22527.0
Durg - 7,Chhattisgarh,Vijay Baghel,Bharatiya Janata Party,Rajendra Sahu,Indian National Congress,438226.0
East Delhi - 3,Nct Of Delhi,Harsh Malhotra,Bharatiya Janata Party,Kuldeep Kumar (Monu),Aam Aadmi Party,93663.0
Eluru - 10,Andhra Pradesh,Putta Mahesh Kumar,Telugu Desam,Karumuri Sunil Kumar,Yuvajana Sramika Rythu Congress Party,181857.0
Ernakulam - 12,Kerala,Hibi Eden,Indian National Congress,K. J. Shine Teacher,Communist Party Of India (Marxist),250385.0
Erode - 17,Tamil Nadu,K E Prakash,Dravida Munnetra Kazhagam,Ashok Kumar,All India Anna Dravida Munnetra Kazhagam,236566.0
Etah - 22,Uttar Pradesh,Devesh Shakya,Samajwadi Party,Rajveer Singh (Raju Bhaiya),Bharatiya Janata Party,28052.0
Etawah - 41,Uttar Pradesh,Jitendra Kumar Dohare,Samajwadi Party,Dr Ram Shankar Katheria,Bharatiya Janata Party,58419.0
Faizabad - 54,Uttar Pradesh,Awadhesh Prasad,Samajwadi Party,Lallu Singh,Bharatiya Janata Party,54567.0
Faridabad - 10,Haryana,Krishan Pal,Bharatiya Janata Party,Mahender Pratap Singh,Indian National Congress,172914.0
Faridkot - 9,Punjab,Sarabjeet Singh Khalsa,Independent,Karamjit Singh Anmol,Aam Aadmi Party,70053.0
Farrukhabad - 40,Uttar Pradesh,Mukesh Rajput,Bharatiya Janata Party,Dr. Naval Kishor Shakya,Samajwadi Party,2678.0
Fatehgarh Sahib - 8,Punjab,Amar Singh,Indian National Congress,Gurpreet Singh Gp,Aam Aadmi Party,34202.0
Fatehpur - 49,Uttar Pradesh,Naresh Chandra Uttam Patel,Samajwadi Party,Niranjan Jyoti,Bharatiya Janata Party,33199.0
Fatehpur Sikri - 19,Uttar Pradesh,Rajkumar Chahar,Bharatiya Janata Party,Ramnath Singh Sikarwar,Indian National Congress,43405.0
Firozabad - 20,Uttar Pradesh,Akshaya Yadav,Samajwadi Party,Vishwadeep Singh,Bharatiya Janata Party,89312.0
Firozpur - 10,Punjab,Sher Singh Ghubaya,Indian National Congress,Jagdeep Singh Kaka Brar,Aam Aadmi Party,3242.0
Gadchiroli - Chimur - 12,Maharashtra,Dr. Kirsan Namdeo,Indian National Congress,Ashok Mahadeorao Nete,Bharatiya Janata Party,141696.0
Gandhinagar - 6,Gujarat,Amit Shah,Bharatiya Janata Party,Sonal Ramanbhai Patel,Indian National Congress,744716.0
Ganganagar - 1,Rajasthan,Kuldeep Indora,Indian National Congress,Priyanka Balan Meghwal,Bharatiya Janata Party,88153.0
Garhwal - 2,Uttarakhand,Anil Baluni,Bharatiya Janata Party,Ganesh Godiyal,Indian National Congress,163503.0
Gautam Buddha Nagar - 13,Uttar Pradesh,Dr. Mahesh Sharma,Bharatiya Janata Party,Dr. Mahendra Singh Nagar,Samajwadi Party,559472.0
Gaya - 38,Bihar,Jitan Ram Manjhi,Hindustani Awam Morcha (Secular),Kumar Sarvjeet,Rashtriya Janata Dal,101812.0
Ghatal - 32,West Bengal,Adhikari Deepak (Dev),All India Trinamool Congress,Dr. Hiranmoy Chattopadhyaya,Bharatiya Janata Party,182868.0
Ghaziabad - 12,Uttar Pradesh,Atul Garg,Bharatiya Janata Party,Dolly Sharma,Indian National Congress,336965.0
Ghazipur - 75,Uttar Pradesh,Afzal Ansari,Samajwadi Party,Pars Nath Rai,Bharatiya Janata Party,124861.0
Ghosi - 70,Uttar Pradesh,Rajeev Rai,Samajwadi Party,Dr. Arvind Rajbhar,Suheldev Bharatiya Samaj Party,162943.0
Giridih - 6,Jharkhand,Chandra Prakash Choudhary,Ajsu Party,Mathura Prasad Mahato,Jharkhand Mukti Morcha,80880.0
Godda - 3,Jharkhand,Nishikant Dubey,Bharatiya Janata Party,Pradeep Yadav,Indian National Congress,101813.0
Gonda - 59,Uttar Pradesh,Kirtivardhan Singh,Bharatiya Janata Party,Shreya Verma,Samajwadi Party,46224.0
Gopalganj - 17,Bihar,Dr. Alok Kumar Suman,Janata Dal (United),Prem Nath Chanchal Alias Chanchal Paswan,Vikassheel Insaan Party,127180.0
Gorakhpur - 64,Uttar Pradesh,Ravindra Shukla Alias Ravi Kishan,Bharatiya Janata Party,Kajal Nishad,Samajwadi Party,103526.0
Gulbarga - 5,Karnataka,Radhakrishna,Indian National Congress,Dr. Umesh G Jadhav,Bharatiya Janata Party,27205.0
Guna - 4,Madhya Pradesh,Jyotiraditya M. Scindia,Bharatiya Janata Party,Yadvendra Rao Deshraj Singh,Indian National Congress,540929.0
Guntur - 13,Andhra Pradesh,Dr Chandra Sekhar Pemmasani,Telugu Desam,Kilari Venkata Rosaiah,Yuvajana Sramika Rythu Congress Party,344695.0
Gurdaspur - 1,Punjab,Sukhjinder Singh Randhawa,Indian National Congress,Dinesh Singh Babbu,Bharatiya Janata Party,82861.0
Gurgaon - 9,Haryana,Rao Inderjit Singh,Bharatiya Janata Party,Raj Babbar,Indian National Congress,75079.0
Guwahati - 5,Assam,Bijuli Kalita Medhi,Bharatiya Janata Party,Mira Borthakur Goswami,Indian National Congress,251090.0
Gwalior - 3,Madhya Pradesh,Bharat Singh Kushwah,Bharatiya Janata Party,Praveen Pathak,Indian National Congress,70210.0
Hajipur - 21,Bihar,Chirag Paswan,Lok Janshakti Party(Ram Vilas),Shiv Chandra Ram,Rashtriya Janata Dal,170105.0
Hamirpur - 3,Himachal Pradesh,Anurag Singh Thakur,Bharatiya Janata Party,Satpal Raizada,Indian National Congress,182357.0
Hamirpur - 47,Uttar Pradesh,Ajendra Singh Lodhi,Samajwadi Party,Kunwar Pushpendra Singh Chandel,Bharatiya Janata Party,2629.0
Hardoi - 31,Uttar Pradesh,Jai Prakash,Bharatiya Janata Party,Usha Verma,Samajwadi Party,27856.0
Haridwar - 5,Uttarakhand,Trivendra Singh Rawat,Bharatiya Janata Party,Virendra Rawat,Indian National Congress,164056.0
Hassan - 16,Karnataka,Shreyas. M. Patel,Indian National Congress,Prajwal Revanna,Janata Dal (Secular),42649.0
Hathras - 16,Uttar Pradesh,Anoop Pradhan Balmiki,Bharatiya Janata Party,Jasveer Valmiki,Samajwadi Party,247318.0
Hatkanangale - 48,Maharashtra,Dhairyasheel Sambhajirao Mane,Shiv Sena,Satyajeet Babasaheb Patil (Aaba) Sarudkar,Shiv Sena (Uddhav Balasaheb Thackrey),13426.0
Haveri - 10,Karnataka,Basavaraj Bommai,Bharatiya Janata Party,Anandswamy Gaddadevarmath,Indian National Congress,43513.0
Hazaribagh - 14,Jharkhand,Manish Jaiswal,Bharatiya Janata Party,Jai Prakash Bhai Patel,Indian National Congress,276686.0
Hindupur - 20,Andhra Pradesh,B K Parthasarathi,Telugu Desam,J Shantha,Yuvajana Sramika Rythu Congress Party,132427.0
Hingoli - 15,Maharashtra,Aashtikar Patil Nagesh Bapurao,Shiv Sena (Uddhav Balasaheb Thackrey),Baburao Kadam Kohalikar,Shiv Sena,108602.0
Hisar - 4,Haryana,Jai Parkash (J P) S/O Harikesh,Indian National Congress,Ranjit Singh,Bharatiya Janata Party,63381.0
Hooghly - 28,West Bengal,Rachna Banerjee,All India Trinamool Congress,Locket Chatterjee,Bharatiya Janata Party,76853.0
Hoshangabad - 17,Madhya Pradesh,Darshan Singh Choudhary,Bharatiya Janata Party,Sanjay Sharma Sanju Bhaiya,Indian National Congress,431696.0
Hoshiarpur - 5,Punjab,Dr. Raj Kumar Chabbewal,Aam Aadmi Party,Yamini Gomar,Indian National Congress,44111.0
Howrah - 25,West Bengal,Prasun Banerjee,All India Trinamool Congress,Dr Rathin Chakravarty,Bharatiya Janata Party,169442.0
Hyderabad - 9,Telangana,Asaduddin Owaisi,All India Majlis-E-Ittehadul Muslimeen,Madhavi Latha Kompella,Bharatiya Janata Party,338087.0
Idukki - 13,Kerala,Adv. Dean Kuriakose,Indian National Congress,Adv. Joice George,Communist Party Of India (Marxist),133727.0
Indore - 26,Madhya Pradesh,Shankar Lalwani,Bharatiya Janata Party,Nota,None Of The Above,1008077.0
Inner Manipur - 1,Manipur,Angomcha Bimol Akoijam,Indian National Congress,Thounaojam Basanta Kumar Singh,Bharatiya Janata Party,109801.0
Jabalpur - 13,Madhya Pradesh,Ashish Dubey,Bharatiya Janata Party,Dinesh Yadav,Indian National Congress,486674.0
Jadavpur - 22,West Bengal,Sayani Ghosh,All India Trinamool Congress,Dr. Anirban Ganguly,Bharatiya Janata Party,258201.0
Jagatsinghpur - 16,Odisha,Bibhu Prasad Tarai,Bharatiya Janata Party,Dr. Rajashree Mallick,Biju Janata Dal,40696.0
Jahanabad - 36,Bihar,Surendra Prasad Yadav,Rashtriya Janata Dal,Chandeshwar Prasad,Janata Dal (United),142591.0
Jaipur - 7,Rajasthan,Manju Sharma,Bharatiya Janata Party,Pratap Singh Khachariyawas,Indian National Congress,331767.0
Jaipur Rural - 6,Rajasthan,Rao Rajendra Singh,Bharatiya Janata Party,Anil Chopra,Indian National Congress,1615.0
Jajpur - 8,Odisha,Rabindra Narayan Behera,Bharatiya Janata Party,Sarmistha Sethi,Biju Janata Dal,1587.0
Jalandhar - 4,Punjab,Charanjit Singh Channi,Indian National Congress,Sushil Kumar Rinku,Bharatiya Janata Party,175993.0
Jalaun - 45,Uttar Pradesh,Narayan Das Ahirwar,Samajwadi Party,Bhanu Pratap Singh Verma,Bharatiya Janata Party,53898.0
Jalgaon - 3,Maharashtra,Smita Uday Wagh,Bharatiya Janata Party,Karan Balasaheb Patil - Pawar,Shiv Sena (Uddhav Balasaheb Thackrey),251594.0
Jalna - 18,Maharashtra,Kalyan Vaijinathrao Kale,Indian National Congress,Danve Raosaheb Dadarao,Bharatiya Janata Party,109958.0
Jalore - 18,Rajasthan,Lumbaram,Bharatiya Janata Party,Vaibhav Gehlot,Indian National Congress,201543.0
Jalpaiguri - 3,West Bengal,Dr Jayanta Kumar Roy,Bharatiya Janata Party,Nirmal Chandra Roy,All India Trinamool Congress,86693.0
Jammu - 5,Jammu And Kashmir,Jugal Kishore,Bharatiya Janata Party,Raman Bhalla,Indian National Congress,135498.0
Jamnagar - 12,Gujarat,Poonamben Hematbhai Maadam,Bharatiya Janata Party,Advocate J. P. Maraviya,Indian National Congress,238008.0
Jamshedpur - 9,Jharkhand,Bidyut Baran Mahato,Bharatiya Janata Party,Samir Kumar Mohanty,Jharkhand Mukti Morcha,259782.0
Jamui - 40,Bihar,Arun Bharti,Lok Janshakti Party(Ram Vilas),Archana Kumari,Rashtriya Janata Dal,112482.0
Jangipur - 9,West Bengal,Khalilur Rahaman,All India Trinamool Congress,Murtoja Hossain Bokul,Indian National Congress,116637.0
Janjgir-Champa - 3,Chhattisgarh,Kamlesh Jangde,Bharatiya Janata Party,Dr. Shivkumar Dahariya,Indian National Congress,60000.0
Jaunpur - 73,Uttar Pradesh,Babu Singh Kushwaha,Samajwadi Party,Kripashankar Singh,Bharatiya Janata Party,99335.0
Jhalawar-Baran - 25,Rajasthan,Dushyant Singh,Bharatiya Janata Party,Urmila Jain ÂBhayaâ,Indian National Congress,370989.0
Jhanjharpur - 7,Bihar,Ramprit Mandal,Janata Dal (United),Suman Kumar Mahaseth,Vikassheel Insaan Party,184169.0
Jhansi - 46,Uttar Pradesh,Anurag Sharma,Bharatiya Janata Party,"Pradeep Jain ""Aditya""",Indian National Congress,102614.0
Jhargram - 33,West Bengal,Kalipada Saren (Kherwal),All India Trinamool Congress,Dr. Pranat Tudu,Bharatiya Janata Party,174048.0
Jhunjhunu - 4,Rajasthan,Brijendra Singh Ola,Indian National Congress,Shubhkaran Choudhary,Bharatiya Janata Party,18235.0
Jodhpur - 16,Rajasthan,Gajendra Singh Shekhawat,Bharatiya Janata Party,Karan Singh Uchiyarda,Indian National Congress,115677.0
Jorhat - 14,Assam,Gaurav Gogoi,Indian National Congress,Topon Kumar Gogoi,Bharatiya Janata Party,144393.0
Joynagar - 19,West Bengal,Pratima Mondal,All India Trinamool Congress,Ashok Kandary,Bharatiya Janata Party,470219.0
Junagadh - 13,Gujarat,Chudasama Rajeshbhai Naranbhai,Bharatiya Janata Party,Jotva Hirabhai Arjanbhai,Indian National Congress,135494.0
Kachchh - 1,Gujarat,Chavda Vinod Lakhamshi,Bharatiya Janata Party,Nitesh Parbatbhai Lalan (Matang),Indian National Congress,268782.0
Kadapa - 21,Andhra Pradesh,Y. S. Avinash Reddy,Yuvajana Sramika Rythu Congress Party,Chadipiralla Bhupesh Subbarami Reddy,Telugu Desam,62695.0
Kairana - 2,Uttar Pradesh,Iqra Choudhary,Samajwadi Party,Pradeep Kumar,Bharatiya Janata Party,69116.0
Kaiserganj - 57,Uttar Pradesh,Karan Bhushan Singh,Bharatiya Janata Party,Bhagat Ram,Samajwadi Party,148843.0
Kakinada - 6,Andhra Pradesh,Tangella Uday Srinivas (Tea Time Uday),Janasena Party,Chalamalasetty Sunil,Yuvajana Sramika Rythu Congress Party,229491.0
Kalahandi - 11,Odisha,Malvika Devi,Bharatiya Janata Party,Lambodar Nial,Biju Janata Dal,133813.0
Kallakurichi - 14,Tamil Nadu,Malaiyarasan D,Dravida Munnetra Kazhagam,Kumaraguru R,All India Anna Dravida Munnetra Kazhagam,53784.0
Kalyan - 24,Maharashtra,Dr Shrikant Eknath Shinde,Shiv Sena,Vaishali Darekar - Rane,Shiv Sena (Uddhav Balasaheb Thackrey),209144.0
Kancheepuram - 6,Tamil Nadu,Selvam. G,Dravida Munnetra Kazhagam,Rajasekar. E,All India Anna Dravida Munnetra Kazhagam,221473.0
Kandhamal - 13,Odisha,Sukanta Kumar Panigrahi,Bharatiya Janata Party,Achyutananda Samanta,Biju Janata Dal,21371.0
Kangra - 1,Himachal Pradesh,Dr Rajeev Bhardwaj,Bharatiya Janata Party,Anand Sharma,Indian National Congress,251895.0
Kanker - 11,Chhattisgarh,Bhojraj Nag,Bharatiya Janata Party,Biresh Thakur,Indian National Congress,1884.0
Kannauj - 42,Uttar Pradesh,Akhilesh Yadav,Samajwadi Party,Subrat Pathak,Bharatiya Janata Party,170922.0
Kanniyakumari - 39,Tamil Nadu,Vijayakumar (Alias) Vijay Vasanth,Indian National Congress,Radhakrishnan P,Bharatiya Janata Party,179907.0
Kannur - 2,Kerala,K. Sudhakaran,Indian National Congress,M.V. Jayarajan,Communist Party Of India (Marxist),108982.0
Kanpur - 43,Uttar Pradesh,Ramesh Awasthi,Bharatiya Janata Party,Alok Misra,Indian National Congress,20968.0
Kanthi - 31,West Bengal,Adhikari Soumendu,Bharatiya Janata Party,Uttam Barik Son Of Late Birendra Barik,All India Trinamool Congress,47764.0
Karakat - 35,Bihar,Raja Ram Singh,Communist Party Of India (Marxist-Leninist) (Liberation),Pawan Singh,Independent,105858.0
Karauli-Dholpur - 10,Rajasthan,Bhajan Lal Jatav,Indian National Congress,Indu Devi,Bharatiya Janata Party,98945.0
Karimganj - 7,Assam,Kripanath Mallah,Bharatiya Janata Party,Hafiz Rashid Ahmed Choudhury,Indian National Congress,18360.0
Karimnagar - 3,Telangana,Bandi Sanjay Kumar,Bharatiya Janata Party,Velchala Rajender Rao,Indian National Congress,225209.0
Karnal - 5,Haryana,Manohar Lal,Bharatiya Janata Party,Divyanshu Budhiraja,Indian National Congress,232577.0
Karur - 23,Tamil Nadu,Jothimani. S,Indian National Congress,Thangavel. L,All India Anna Dravida Munnetra Kazhagam,166816.0
Kasaragod - 1,Kerala,Rajmohan Unnithan,Indian National Congress,M.V Balakrishnan Master,Communist Party Of India (Marxist),100649.0
Katihar - 11,Bihar,Tariq Anwar,Indian National Congress,Dulal Chandra Goswami,Janata Dal (United),49863.0
Kaushambi - 50,Uttar Pradesh,Pushpendra Saroj,Samajwadi Party,Vinod Kumar Sonkar,Bharatiya Janata Party,103944.0
Kaziranga - 10,Assam,Kamakhya Prasad Tasa,Bharatiya Janata Party,Roselina Tirkey,Indian National Congress,248947.0
Kendrapara - 15,Odisha,Baijayant Panda,Bharatiya Janata Party,Anshuman Mohanty,Biju Janata Dal,66536.0
Keonjhar - 4,Odisha,Ananta Nayak,Bharatiya Janata Party,Dhanurjaya Sidu,Biju Janata Dal,97042.0
Khadoor Sahib - 3,Punjab,Amritpal Singh,Independent,Kulbir Singh Zira,Indian National Congress,197120.0
Khagaria - 25,Bihar,Rajesh Verma,Lok Janshakti Party(Ram Vilas),Sanjay Kumar,Communist Party Of India (Marxist),161131.0
Khajuraho - 8,Madhya Pradesh,Vishnu Datt Sharma (V.D.Sharma),Bharatiya Janata Party,Kamlesh Kumar,Bahujan Samaj Party,541229.0
Khammam - 17,Telangana,Ramasahayam Raghuram Reddy,Indian National Congress,Nama Nageswara Rao,Bharat Rashtra Samithi,467847.0
Khandwa - 28,Madhya Pradesh,Gyaneshwar Patil,Bharatiya Janata Party,Narendra Patel,Indian National Congress,269971.0
Khargone - 27,Madhya Pradesh,Gajendra Singh Patel,Bharatiya Janata Party,Porlal Batha Kharte,Indian National Congress,135018.0
Kheda - 17,Gujarat,Devusinh Chauhan,Bharatiya Janata Party,Kalusinh Dabhi,Indian National Congress,357758.0
Kheri - 28,Uttar Pradesh,Utkarsh Verma 'Madhur',Samajwadi Party,Ajay Kumar,Bharatiya Janata Party,34329.0
Khunti - 11,Jharkhand,Kali Charan Munda,Indian National Congress,Arjun Munda,Bharatiya Janata Party,149675.0
Kishanganj - 10,Bihar,Mohammad Jawed,Indian National Congress,Mujahid Alam,Janata Dal (United),59692.0
Kodarma - 5,Jharkhand,Annpurna Devi,Bharatiya Janata Party,Vinod Kumar Singh,Communist Party Of India (Marxist-Leninist) (Liberation),377014.0
Kokrajhar - 1,Assam,Joyanta Basumatary,"United PeopleS Party, Liberal",Kampa Borgoyari,Bodoland Peoples Front,51583.0
Kolar - 28,Karnataka,M. Mallesh Babu,Janata Dal (Secular),K V Gowtham,Indian National Congress,71388.0
Kolhapur - 47,Maharashtra,Chhatrapati Shahu Shahaji,Indian National Congress,Sanjay Sadashivrao Mandlik,Shiv Sena,154964.0
Kolkata Dakshin - 23,West Bengal,Mala Roy,All India Trinamool Congress,Debasree Chaudhuri,Bharatiya Janata Party,187231.0
Kolkata Uttar - 24,West Bengal,Bandyopadhyay Sudip,All India Trinamool Congress,Tapas Roy,Bharatiya Janata Party,92560.0
Kollam - 18,Kerala,N K Premachandran,Revolutionary Socialist Party,M Mukesh,Communist Party Of India (Marxist),150302.0
Koppal - 8,Karnataka,K. Rajashekar Basavaraj Hitnal,Indian National Congress,Dr . Basavaraj. K. Sharanappa,Bharatiya Janata Party,46357.0
Koraput - 21,Odisha,Saptagiri Sankar Ulaka,Indian National Congress,Kausalya Hikaka,Biju Janata Dal,147744.0
Korba - 4,Chhattisgarh,Jyotsna Charandas Mahant,Indian National Congress,Saroj Pandey,Bharatiya Janata Party,43283.0
Kota - 24,Rajasthan,Om Birla,Bharatiya Janata Party,Prahlad Gunjal,Indian National Congress,41974.0
Kottayam - 14,Kerala,Adv K Francis George,Kerala Congress,Thomas Chazhikadan,Kerala Congress (M),87266.0
Kozhikode - 5,Kerala,M. K. Raghavan,Indian National Congress,Elamaram Kareem,Communist Party Of India (Marxist),146176.0
Krishnagiri - 9,Tamil Nadu,Gopinath K,Indian National Congress,Jayaprakash V,All India Anna Dravida Munnetra Kazhagam,192486.0
Krishnanagar - 12,West Bengal,Mahua Moitra,All India Trinamool Congress,Amrita Roy,Bharatiya Janata Party,56705.0
Kurnoolu - 18,Andhra Pradesh,Bastipati Nagaraju Panchalingala,Telugu Desam,B Y Ramaiah,Yuvajana Sramika Rythu Congress Party,111298.0
Kurukshetra - 2,Haryana,Naveen Jindal,Bharatiya Janata Party,Dr Sushil Gupta,Aam Aadmi Party,29021.0
Kushi Nagar - 65,Uttar Pradesh,Vijay Kumar Dubay,Bharatiya Janata Party,Ajay Pratap Singh Urf Pintu Saithwar,Samajwadi Party,81790.0
Ladakh - 1,Ladakh,Mohmad Haneefa,Independent,Tsering Namgyal,Indian National Congress,27862.0
Lakhimpur - 12,Assam,Pradan Baruah,Bharatiya Janata Party,Uday Shankar Hazarika,Indian National Congress,201257.0
Lakshadweep - 1,Lakshadweep,Muhammed Hamdullah Sayeed,Indian National Congress,Mohammed Faizal Pp,Nationalist Congress Party  Sharadchandra Pawar,2647.0
Lalganj - 68,Uttar Pradesh,Daroga Prasad Saroj,Samajwadi Party,Neelam Sonker,Bharatiya Janata Party,115023.0
Latur - 41,Maharashtra,Dr. Kalge Shivaji Bandappa,Indian National Congress,Sudhakar Tukaram Shrangare,Bharatiya Janata Party,61881.0
Lohardaga - 12,Jharkhand,Sukhdeo Bhagat,Indian National Congress,Samir Oraon,Bharatiya Janata Party,139138.0
Lucknow - 35,Uttar Pradesh,Raj Nath Singh,Bharatiya Janata Party,Ravidas Mehrotra,Samajwadi Party,135159.0
Ludhiana - 7,Punjab,Amrinder Singh Raja Warring,Indian National Congress,Ravneet Singh Bittu,Bharatiya Janata Party,20942.0
Machhlishahr - 74,Uttar Pradesh,Priya Saroj,Samajwadi Party,Bholanath (B.P. Saroj),Bharatiya Janata Party,35850.0
Machilipatnam - 11,Andhra Pradesh,Balashowry Vallabhaneni,Janasena Party,Simhadri Chandra Sekhar Rao,Yuvajana Sramika Rythu Congress Party,223179.0
Madha - 43,Maharashtra,Mohite-Patil Dhairyasheel Rajsinh,Nationalist Congress Party  Sharadchandra Pawar,Ranjeetsingh Hindurao Naik Nimbalkar,Bharatiya Janata Party,120837.0
Madhepura - 13,Bihar,Dinesh Chandra Yadav,Janata Dal (United),Da Kumar Chandradeep,Rashtriya Janata Dal,174534.0
Madhubani - 6,Bihar,Ashok Kumar Yadav,Bharatiya Janata Party,Md Ali Ashraf Fatmi,Rashtriya Janata Dal,151945.0
Madurai - 32,Tamil Nadu,Venkatesan S,Communist Party Of India (Marxist),Raama Sreenivasan,Bharatiya Janata Party,209409.0
Mahabubabad - 16,Telangana,Balram Naik Porika,Indian National Congress,Kavitha Maloth,Bharat Rashtra Samithi,349165.0
Maharajganj - 19,Bihar,"Janardan Singh ""Sigriwal""",Bharatiya Janata Party,Aakash Kumar Singh,Indian National Congress,102651.0
Maharajganj - 63,Uttar Pradesh,Pankaj Chaudhary,Bharatiya Janata Party,Virendra Chaudhary,Indian National Congress,35451.0
Mahasamund - 9,Chhattisgarh,Roop Kumari Choudhary,Bharatiya Janata Party,Tamradhwaj Sahu,Indian National Congress,145456.0
Mahbubnagar - 11,Telangana,Aruna. D. K,Bharatiya Janata Party,Challa Vamshi Chand Reddy,Indian National Congress,4500.0
Mahesana - 4,Gujarat,Haribhai Patel,Bharatiya Janata Party,Ramji Thakor,Indian National Congress,328046.0
Mainpuri - 21,Uttar Pradesh,Dimple Yadav,Samajwadi Party,Jayveer Singh,Bharatiya Janata Party,221639.0
Malappuram - 6,Kerala,E.T. Mohammed Basheer,Indian Union Muslim League,V. Vaseef,Communist Party Of India (Marxist),300118.0
Maldaha Dakshin - 8,West Bengal,Isha Khan Choudhury,Indian National Congress,Sreerupa Mitra Chaudhury (Nirbhaya Didi),Bharatiya Janata Party,128368.0
Maldaha Uttar - 7,West Bengal,Khagen Murmu,Bharatiya Janata Party,Prasun Banerjee,All India Trinamool Congress,77708.0
Malkajgiri - 7,Telangana,Eatala Rajender,Bharatiya Janata Party,Patnam Suneetha Mahender Reddy,Indian National Congress,391475.0
Mandi - 2,Himachal Pradesh,Kangna Ranaut,Bharatiya Janata Party,Vikramaditya Singh,Indian National Congress,74755.0
Mandla - 14,Madhya Pradesh,Faggan Singh Kulaste,Bharatiya Janata Party,Omkar Singh Markam,Indian National Congress,103846.0
Mandsour - 23,Madhya Pradesh,Sudheer Gupta,Bharatiya Janata Party,Dilip Singh Gurjar,Indian National Congress,500655.0
Mandya - 20,Karnataka,H.D. Kumaraswamy,Janata Dal (Secular),Venkataramane Gowda (Star Chandru),Indian National Congress,284620.0
Mathura - 17,Uttar Pradesh,Hemamalini Dharmendra Deol,Bharatiya Janata Party,Mukesh Dhangar,Indian National Congress,293407.0
Mathurapur - 20,West Bengal,Bapi Haldar,All India Trinamool Congress,Ashok Purkait,Bharatiya Janata Party,201057.0
Maval - 33,Maharashtra,Shrirang Appa Chandu Barne,Shiv Sena,Sanjog Bhiku Waghere Patil,Shiv Sena (Uddhav Balasaheb Thackrey),96615.0
Mavelikkara - 16,Kerala,Kodikunnil Suresh,Indian National Congress,Adv Arun Kumar C A,Communist Party Of India,10868.0
Mayiladuthurai - 28,Tamil Nadu,Sudha R,Indian National Congress,Babu P,All India Anna Dravida Munnetra Kazhagam,271183.0
Mayurbhanj - 5,Odisha,Naba Charan Majhi,Bharatiya Janata Party,Sudam Marndi,Biju Janata Dal,219334.0
Medak - 6,Telangana,Madhavaneni Raghunandan Rao,Bharatiya Janata Party,Neelam Madhu,Indian National Congress,39139.0
Medinipur - 34,West Bengal,June Maliah,All India Trinamool Congress,Agnimitra Paul,Bharatiya Janata Party,27191.0
Meerut - 10,Uttar Pradesh,Arun Govil,Bharatiya Janata Party,Sunita Verma,Samajwadi Party,10585.0
Mirzapur - 79,Uttar Pradesh,Anupriya Patel,Apna Dal (Soneylal),Ramesh Chand Bind,Samajwadi Party,37810.0
Misrikh - 32,Uttar Pradesh,Ashok Kumar Rawat,Bharatiya Janata Party,Sangita Rajvanshi,Samajwadi Party,33406.0
Mizoram - 1,Mizoram,Richard Vanlalhmangaiha,Zoram PeopleS Movement,K Vanlalvena,Mizo National Front,68288.0
Mohanlalganj - 34,Uttar Pradesh,R.K. Chaudhary,Samajwadi Party,Kaushal Kishore,Bharatiya Janata Party,70292.0
Moradabad - 6,Uttar Pradesh,Ruchi Vira,Samajwadi Party,Kunwar Sarvesh Kumar,Bharatiya Janata Party,105762.0
Morena - 1,Madhya Pradesh,Shivmangal Singh Tomar,Bharatiya Janata Party,Neetu Satyapal Singh Sikarwar,Indian National Congress,52530.0
Mumbai North - 26,Maharashtra,Piyush Goyal,Bharatiya Janata Party,Bhushan Patil,Indian National Congress,357608.0
Mumbai North Central - 29,Maharashtra,Gaikwad Varsha Eknath,Indian National Congress,Adv Ujwal Nikam,Bharatiya Janata Party,16514.0
Mumbai North East - 28,Maharashtra,Sanjay Dina Patil,Shiv Sena (Uddhav Balasaheb Thackrey),Mihir Chandrakant Kotecha,Bharatiya Janata Party,29861.0
Mumbai North West - 27,Maharashtra,Ravindra Dattaram Waikar,Shiv Sena,Amol Gajanan Kirtikar,Shiv Sena (Uddhav Balasaheb Thackrey),48.0
Mumbai South - 31,Maharashtra,Arvind Ganpat Sawant,Shiv Sena (Uddhav Balasaheb Thackrey),Yamini Yashwant Jadhav,Shiv Sena,52673.0
Mumbai South Central - 30,Maharashtra,Anil Yeshwant Desai,Shiv Sena (Uddhav Balasaheb Thackrey),Rahul Ramesh Shewale,Shiv Sena,53384.0
Munger - 28,Bihar,Rajiv Ranjan Singh Alias Lalan Singh,Janata Dal (United),Kumari Anita,Rashtriya Janata Dal,80870.0
Murshidabad - 11,West Bengal,Abu Taher Khan,All India Trinamool Congress,Md Salim,Communist Party Of India (Marxist),164215.0
Muzaffarnagar - 3,Uttar Pradesh,Harendra Singh Malik,Samajwadi Party,Sanjeev Kumar Balyan,Bharatiya Janata Party,24672.0
Muzaffarpur - 15,Bihar,Raj Bhushan Choudhary,Bharatiya Janata Party,Ajay Nishad,Indian National Congress,234927.0
Mysore - 21,Karnataka,Yaduveer Krishnadatta Chamaraja Wadiyar,Bharatiya Janata Party,M. Lakshmana,Indian National Congress,139262.0
Nabarangpur - 12,Odisha,Balabhadra Majhi,Bharatiya Janata Party,Pradeep Kumar Majhi,Biju Janata Dal,87536.0
Nagaland - 1,Nagaland,S Supongmeren Jamir,Indian National Congress,Dr Chumben Murry,Nationalist Democratic Progressive Party,50984.0
Nagaon - 9,Assam,Pradyut Bordoloi,Indian National Congress,Suresh Borah,Bharatiya Janata Party,212231.0
Nagapattinam - 29,Tamil Nadu,Selvaraj V,Communist Party Of India,Dr Sursith Sankar G,All India Anna Dravida Munnetra Kazhagam,208957.0
Nagarkurnool - 12,Telangana,Dr.Mallu Ravi,Indian National Congress,Bharath Prasad Pothuganti,Bharatiya Janata Party,94414.0
Nagaur - 14,Rajasthan,Hanuman Beniwal,Rashtriya Loktantrik Party,Jyoti Mirdha,Bharatiya Janata Party,42225.0
Nagina - 5,Uttar Pradesh,Chandrashekhar,Aazad Samaj Party (Kanshi Ram),Om Kumar,Bharatiya Janata Party,151473.0
Nagpur - 10,Maharashtra,Nitin Jairam Gadkari,Bharatiya Janata Party,Vikas Thakre,Indian National Congress,137603.0
Nainital-Udhamsingh Nagar - 4,Uttarakhand,Ajay Bhatt,Bharatiya Janata Party,Prakash Joshi,Indian National Congress,334548.0
Nalanda - 29,Bihar,Kaushalendra Kumar,Janata Dal (United),Dr. Sandeep Saurav,Communist Party Of India (Marxist-Leninist) (Liberation),169114.0
Nalgonda - 13,Telangana,Kunduru Raghuveer,Indian National Congress,Saidi Reddy Shanampudi,Bharatiya Janata Party,559905.0
Namakkal - 16,Tamil Nadu,Matheswaran V S,Dravida Munnetra Kazhagam,Tamilmani S,All India Anna Dravida Munnetra Kazhagam,29112.0
Nanded - 16,Maharashtra,Chavan Vasantrao Balwantrao,Indian National Congress,Chikhalikar Prataprao Govindrao,Bharatiya Janata Party,59442.0
Nandurbar - 1,Maharashtra,Adv Gowaal Kagada Padavi,Indian National Congress,Dr Heena Vijaykumar Gavit,Bharatiya Janata Party,159120.0
Nandyal - 17,Andhra Pradesh,Dr Byreddy Shabari,Telugu Desam,Pocha Brahmananda Reddy,Yuvajana Sramika Rythu Congress Party,111975.0
Narsapuram - 9,Andhra Pradesh,Bhupathi Raju Srinivasa Varma (B.J.P.Varma),Bharatiya Janata Party,Umabala Guduri,Yuvajana Sramika Rythu Congress Party,276802.0
Narsaraopet - 14,Andhra Pradesh,Lavu Srikrishna Devarayalu,Telugu Desam,Anil Kumar Poluboina,Yuvajana Sramika Rythu Congress Party,159729.0
Nashik - 21,Maharashtra,Rajabhau (Parag) Prakash Waje,Shiv Sena (Uddhav Balasaheb Thackrey),Godse Hemant Tukaram,Shiv Sena,162001.0
Navsari - 25,Gujarat,C R Patil,Bharatiya Janata Party,Naishadhbhai Bhupatbhai Desai,Indian National Congress,773551.0
Nawada - 39,Bihar,Vivek Thakur,Bharatiya Janata Party,Shrawan Kumar,Rashtriya Janata Dal,67670.0
Nellore - 22,Andhra Pradesh,Prabhakar Reddy Vemireddy,Telugu Desam,Venumbaka Vijayasai Reddy,Yuvajana Sramika Rythu Congress Party,245902.0
New Delhi - 4,Nct Of Delhi,Bansuri Swaraj,Bharatiya Janata Party,Somnath Bharti,Aam Aadmi Party,78370.0
Nilgiris - 19,Tamil Nadu,Raja A,Dravida Munnetra Kazhagam,Dr Murugan L,Bharatiya Janata Party,240585.0
Nizamabad - 4,Telangana,Arvind Dharmapuri,Bharatiya Janata Party,Jeevanreddy Thatiparthi,Indian National Congress,109241.0
North Goa - 1,Goa,Shripad Yesso Naik,Bharatiya Janata Party,Ramakant Khalap,Indian National Congress,116015.0
North-East Delhi - 2,Nct Of Delhi,Manoj Tiwari,Bharatiya Janata Party,Kanhaiya Kumar,Indian National Congress,138778.0
North-West Delhi - 5,Nct Of Delhi,Yogender Chandoliya,Bharatiya Janata Party,Udit Raj,Indian National Congress,290849.0
Ongole - 16,Andhra Pradesh,Magunta Sreenivasulu Reddy,Telugu Desam,Dr Chevireddy Bhaskar Redd,Yuvajana Sramika Rythu Congress Party,50199.0
Osmanabad - 40,Maharashtra,Omprakash Bhupalsinh Alias Pavan Rajenimbalkar,Shiv Sena (Uddhav Balasaheb Thackrey),Archana Ranajagjitsinh Patil,Nationalist Congress Party,329846.0
Outer Manipur - 2,Manipur,Alfred Kanngam S Arthur,Indian National Congress,Kachui Timothy Zimik,Naga Peoples Front,85418.0
Palakkad - 8,Kerala,V K Sreekandan,Indian National Congress,A Vijayaraghavan,Communist Party Of India (Marxist),75283.0
Palamau - 13,Jharkhand,Vishnu Dayal Ram,Bharatiya Janata Party,Mamta Bhuiyan,Rashtriya Janata Dal,288807.0
Palghar - 22,Maharashtra,Dr. Hemant Vishnu Savara,Bharatiya Janata Party,Bharti Bharat Kamdi,Shiv Sena (Uddhav Balasaheb Thackrey),183306.0
Pali - 15,Rajasthan,P. P. Chaudhary,Bharatiya Janata Party,Sangeeta Beniwal,Indian National Congress,245351.0
Panchmahal - 18,Gujarat,Rajpalsinh Mahendrasinh Jadav,Bharatiya Janata Party,Gulabsinh Somsinh Chauhan,Indian National Congress,509342.0
Parbhani - 17,Maharashtra,Jadhav Sanjay ( Bandu ) Haribhau,Shiv Sena (Uddhav Balasaheb Thackrey),Jankar Mahadev Jagannath,Rashtriya Samaj Paksha,134061.0
Paschim Champaran - 2,Bihar,Dr.Sanjay Jaiswal,Bharatiya Janata Party,Madan Mohan Tiwari,Indian National Congress,136568.0
Patan - 3,Gujarat,Dabhi Bharatsinhji Shankarji,Bharatiya Janata Party,Chandanji Talaji Thakor,Indian National Congress,31876.0
Pathanamthitta - 17,Kerala,Anto Antony,Indian National Congress,Dr.T.M.Thomas Issac,Communist Party Of India (Marxist),66119.0
Patiala - 13,Punjab,Dr Dharamvira Gandhi,Indian National Congress,Dr Balbir Singh,Aam Aadmi Party,14831.0
Patliputra - 31,Bihar,Misha Bharti,Rashtriya Janata Dal,Ram Kripal Yadav,Bharatiya Janata Party,85174.0
Patna Sahib - 30,Bihar,Ravi Shankar Prasad,Bharatiya Janata Party,Anshul Avijit,Indian National Congress,153846.0
Peddapalle - 2,Telangana,Vamsi Krishna Gaddam,Indian National Congress,Srinivas Gomase,Bharatiya Janata Party,131364.0
Perambalur - 25,Tamil Nadu,Arun Nehru,Dravida Munnetra Kazhagam,Chandramohan N D,All India Anna Dravida Munnetra Kazhagam,389107.0
Phulpur - 51,Uttar Pradesh,Praveen Patel,Bharatiya Janata Party,Amar Nath Singh Maurya,Samajwadi Party,4332.0
Pilibhit - 26,Uttar Pradesh,Jitin Prasada,Bharatiya Janata Party,Bhagwat Saran Gangwar,Samajwadi Party,164935.0
Pollachi - 21,Tamil Nadu,Eswarasamy K,Dravida Munnetra Kazhagam,Karthikeyan A,All India Anna Dravida Munnetra Kazhagam,252042.0
Ponnani - 7,Kerala,Dr. M.P Abdussamad Samadani,Indian Union Muslim League,K.S Hamza,Communist Party Of India (Marxist),235760.0
Porbandar - 11,Gujarat,Dr. Mansukh Mandaviya,Bharatiya Janata Party,Lalit Vasoya,Indian National Congress,383360.0
Pratapgarh - 39,Uttar Pradesh,Shiv Pal Singh Patel (Dr. S P Singh),Samajwadi Party,Sangam Lal Gupta,Bharatiya Janata Party,66206.0
Puducherry - 1,Puducherry,Ve Vaithilingam,Indian National Congress,A Namassivayam,Bharatiya Janata Party,136516.0
Pune - 34,Maharashtra,Murlidhar Mohol,Bharatiya Janata Party,Dhangekar Ravindra Hemraj,Indian National Congress,123038.0
Puri - 17,Odisha,Sambit Patra,Bharatiya Janata Party,Arup Mohan Patnaik,Biju Janata Dal,104709.0
Purnia - 12,Bihar,Rajesh Ranjan Alias Pappu Yadav,Independent,Santosh Kumar,Janata Dal (United),23847.0
Purulia - 35,West Bengal,Jyotirmay Singh Mahato,Bharatiya Janata Party,Shantiram Mahato,All India Trinamool Congress,17079.0
Purvi Champaran - 3,Bihar,Radha Mohan Singh,Bharatiya Janata Party,Dr Rajesh Kumar,Vikassheel Insaan Party,88287.0
Rae Bareli - 36,Uttar Pradesh,Rahul Gandhi,Indian National Congress,Dinesh Pratap Singh,Bharatiya Janata Party,390030.0
Raichur - 6,Karnataka,G. Kumar Naik.,Indian National Congress,Raja Amareshwara Naik.,Bharatiya Janata Party,79781.0
Raigad - 32,Maharashtra,Tatkare Sunil Dattatrey,Nationalist Congress Party,Anant Geete,Shiv Sena (Uddhav Balasaheb Thackrey),82784.0
Raiganj - 5,West Bengal,Kartick Chandra Paul,Bharatiya Janata Party,Kalyani Krishna,All India Trinamool Congress,68197.0
Raigarh - 2,Chhattisgarh,Radheshyam Rathiya,Bharatiya Janata Party,Dr. Menka Devi Singh,Indian National Congress,240391.0
Raipur - 8,Chhattisgarh,Brijmohan Agrawal,Bharatiya Janata Party,Vikas Upadhyay,Indian National Congress,575285.0
Rajahmundry - 8,Andhra Pradesh,Daggubati Purandheshwari,Bharatiya Janata Party,Dr. Guduri Srinivas,Yuvajana Sramika Rythu Congress Party,239139.0
Rajampet - 24,Andhra Pradesh,P V Midhun Reddy,Yuvajana Sramika Rythu Congress Party,Nallari Kiran Kumar Reddy,Bharatiya Janata Party,76071.0
Rajgarh - 20,Madhya Pradesh,Rodmal Nagar,Bharatiya Janata Party,Digvijaya Singh,Indian National Congress,146089.0
Rajkot - 10,Gujarat,Parshottambhai Rupala,Bharatiya Janata Party,Dhanani Paresh,Indian National Congress,484260.0
Rajmahal - 1,Jharkhand,Vijay Kumar Hansdak,Jharkhand Mukti Morcha,Tala Marandi,Bharatiya Janata Party,178264.0
Rajnandgaon - 6,Chhattisgarh,Santosh Pandey,Bharatiya Janata Party,Bhupesh Baghel,Indian National Congress,44411.0
Rajsamand - 22,Rajasthan,Mahima Kumari Mewar,Bharatiya Janata Party,Dr. Damodar Gurjar,Indian National Congress,392223.0
Ramanathapuram - 35,Tamil Nadu,Navaskani K,Indian Union Muslim League,Panneerselvam O S/O Ottakarathevar,Independent,166782.0
Rampur - 7,Uttar Pradesh,Mohibbullah,Samajwadi Party,Ghanshyam Singh Lodhi,Bharatiya Janata Party,87434.0
Ramtek - 9,Maharashtra,Shyamkumar (Babalu) Daulat Barve,Indian National Congress,Raju Deonath Parve,Shiv Sena,76768.0
Ranaghat - 13,West Bengal,Jagannath Sarkar,Bharatiya Janata Party,Mukut Mani Adhikari,All India Trinamool Congress,186899.0
Ranchi - 8,Jharkhand,Sanjay Seth,Bharatiya Janata Party,Yashaswini Sahay,Indian National Congress,120512.0
Ratlam - 24,Madhya Pradesh,Anita Nagarsingh Chouhan,Bharatiya Janata Party,Kantilal Bhuria,Indian National Congress,207232.0
Ratnagiri- Sindhudurg - 46,Maharashtra,Narayan Tatu Rane,Bharatiya Janata Party,Vinayak Bhaurao Raut,Shiv Sena (Uddhav Balasaheb Thackrey),47858.0
Raver - 4,Maharashtra,Khadse Raksha Nikhil,Bharatiya Janata Party,Shriram Dayaram Patil,Nationalist Congress Party  Sharadchandra Pawar,272183.0
Rewa - 10,Madhya Pradesh,Janardan Mishra,Bharatiya Janata Party,Neelam Abhay Mishra,Indian National Congress,193374.0
Robertsganj - 80,Uttar Pradesh,Chhotelal,Samajwadi Party,Rinki Singh,Apna Dal (Soneylal),129234.0
Rohtak - 7,Haryana,Deepender Singh Hooda,Indian National Congress,Dr. Arvind Kumar Sharma,Bharatiya Janata Party,345298.0
Sabarkantha - 5,Gujarat,Shobhanaben Mahendrasinh Baraiya,Bharatiya Janata Party,Chaudhari Tushar Amarsinh,Indian National Congress,155682.0
Sagar - 5,Madhya Pradesh,Dr. Lata Wankhede,Bharatiya Janata Party,Chandra Bhusan Singh Bundela 'Guddu Raja',Indian National Congress,471222.0
Saharanpur - 1,Uttar Pradesh,Imran Masood,Indian National Congress,Raghav Lakhanpal,Bharatiya Janata Party,64542.0
Salem - 15,Tamil Nadu,Selvaganapathi T M,Dravida Munnetra Kazhagam,Vignesh P,All India Anna Dravida Munnetra Kazhagam,70357.0
Salempur - 71,Uttar Pradesh,Ramashankar Rajbhar,Samajwadi Party,Ravindar Kushawaha,Bharatiya Janata Party,3573.0
Samastipur - 23,Bihar,Shambhavi,Lok Janshakti Party(Ram Vilas),Sunny Hazari,Indian National Congress,187251.0
Sambalpur - 3,Odisha,Dharmendra Pradhan,Bharatiya Janata Party,Pranab Prakash Das,Biju Janata Dal,119836.0
Sambhal - 8,Uttar Pradesh,Zia Ur Rehman,Samajwadi Party,Parmeshwar Lal Saini,Bharatiya Janata Party,121494.0
Sangli - 44,Maharashtra,Vishal (Dada) Prakashbapu Patil,Independent,Sanjay (Kaka) Patil,Bharatiya Janata Party,100053.0
Sangrur - 12,Punjab,Gurmeet Singh Meet Hayer,Aam Aadmi Party,Sukhpal Singh Khaira,Indian National Congress,172560.0
Sant Kabir Nagar - 62,Uttar Pradesh,Laxmikant Pappu Nishad,Samajwadi Party,Pravin Kumar Nishad,Bharatiya Janata Party,92170.0
Saran - 20,Bihar,Rajiv Pratap Rudy,Bharatiya Janata Party,Rohini Acharya,Rashtriya Janata Dal,13661.0
Sasaram - 34,Bihar,Manoj Kumar,Indian National Congress,Shivesh Kumar,Bharatiya Janata Party,19157.0
Satara - 45,Maharashtra,Shrimant Chh Udayanraje Pratapsinhamaharaj Bhonsle,Bharatiya Janata Party,Shashikant Jayvantrao Shinde,Nationalist Congress Party  Sharadchandra Pawar,32771.0
Satna - 9,Madhya Pradesh,Ganesh Singh,Bharatiya Janata Party,Dabbu Siddharth Sukhlal Kushwaha,Indian National Congress,84949.0
Secunderabad - 8,Telangana,G. Kishan Reddy,Bharatiya Janata Party,Danam Nagender,Indian National Congress,49944.0
Shahdol - 12,Madhya Pradesh,Smt. Himadri Singh,Bharatiya Janata Party,Phunde Lal Singh Marko,Indian National Congress,397340.0
Shahjahanpur - 27,Uttar Pradesh,Arun Kumar Sagar,Bharatiya Janata Party,Jyotsna Gond,Samajwadi Party,55379.0
Sheohar - 4,Bihar,Lovely Anand,Janata Dal (United),Ritu Jaiswal,Rashtriya Janata Dal,29143.0
Shillong - 1,Meghalaya,Dr. Ricky Andrew J. Syngkon,Voice Of The People Party,Vincent H. Pala,Indian National Congress,371910.0
Shimla - 4,Himachal Pradesh,Suresh Kumar Kashyap,Bharatiya Janata Party,Vinod Sultanpuri,Indian National Congress,91451.0
Shimoga - 14,Karnataka,B.Y.Raghavendra,Bharatiya Janata Party,Geetha Shivarajkumar,Indian National Congress,243715.0
Shirdi - 38,Maharashtra,Bhausaheb Rajaram Wakchaure,Shiv Sena (Uddhav Balasaheb Thackrey),Lokhande Sadashiv Kisan,Shiv Sena,50529.0
Shirur - 36,Maharashtra,Dr. Amol Ramsing Kolhe,Nationalist Congress Party  Sharadchandra Pawar,Adhalrao Shivaji Dattatrey,Nationalist Congress Party,140951.0
Shrawasti - 58,Uttar Pradesh,Ram Shiromani Verma,Samajwadi Party,Saket Misra,Bharatiya Janata Party,76673.0
Sidhi - 11,Madhya Pradesh,Dr. Rajesh Mishra,Bharatiya Janata Party,Kamleshwar Indrajit Kumar,Indian National Congress,206416.0
Sikar - 5,Rajasthan,Amraram,Communist Party Of India (Marxist),Sumedhanand Saraswati,Bharatiya Janata Party,72896.0
Sikkim - 1,Sikkim,Indra Hang Subba,Sikkim Krantikari Morcha,Bharat Basnett,Citizen Action Party-Sikkim,80830.0
Silchar - 8,Assam,Parimal Suklabaidya,Bharatiya Janata Party,Surya Kanta Sarkar,Indian National Congress,264311.0
Singhbhum - 10,Jharkhand,Joba Majhi,Jharkhand Mukti Morcha,Geeta Kora,Bharatiya Janata Party,168402.0
Sirsa - 3,Haryana,Selja,Indian National Congress,Ashok Tanwar,Bharatiya Janata Party,268497.0
Sitamarhi - 5,Bihar,Devesh Chandra Thakur,Janata Dal (United),Arjun Ray,Rashtriya Janata Dal,51356.0
Sitapur - 30,Uttar Pradesh,Rakesh Rathor,Indian National Congress,Rajesh Verma,Bharatiya Janata Party,89641.0
Sivaganga - 31,Tamil Nadu,Karti P Chidambaram,Indian National Congress,Xavierdass A,All India Anna Dravida Munnetra Kazhagam,205664.0
Siwan - 18,Bihar,Vijaylakshmi Devi,Janata Dal (United),Hena Shahab,Independent,92857.0
Solapur - 42,Maharashtra,Praniti Sushilkumar Shinde,Indian National Congress,Ram Vitthal Satpute,Bharatiya Janata Party,74197.0
Sonipat - 6,Haryana,Satpal Brahamchari,Indian National Congress,Mohan Lal Badoli,Bharatiya Janata Party,21816.0
Sonitpur - 11,Assam,Ranjit Dutta,Bharatiya Janata Party,Premlal Ganju,Indian National Congress,361408.0
South Delhi - 7,Nct Of Delhi,Ramvir Singh Bidhuri,Bharatiya Janata Party,Sahi Ram,Aam Aadmi Party,124333.0
South Goa - 2,Goa,Captain Viriato Fernandes,Indian National Congress,Pallavi Shrinivas Dempo,Bharatiya Janata Party,13535.0
Srerampur - 27,West Bengal,Kalyan Banerjee,All India Trinamool Congress,Kabir Shankar Bose,Bharatiya Janata Party,174830.0
Srikakulam - 2,Andhra Pradesh,Kinjarapu Rammohan Naidu,Telugu Desam,Tilak Perada,Yuvajana Sramika Rythu Congress Party,327901.0
Srinagar - 2,Jammu And Kashmir,Aga Syed Ruhullah Mehdi,Jammu & Kashmir National Conference,Waheed Ur Rehman Para,Jammu & Kashmir Peoples Democratic Party,188416.0
Sriperumbudur - 5,Tamil Nadu,T R Baalu,Dravida Munnetra Kazhagam,G Premkumar,All India Anna Dravida Munnetra Kazhagam,487029.0
Sultanpur - 38,Uttar Pradesh,Rambhual Nishad,Samajwadi Party,Maneka Sanjay Gandhi,Bharatiya Janata Party,43174.0
Sundargarh - 2,Odisha,Jual Oram,Bharatiya Janata Party,Dilip Kumar Tirkey,Biju Janata Dal,138808.0
Supaul - 8,Bihar,Dileshwar Kamait,Janata Dal (United),Chandrahas Chaupal,Rashtriya Janata Dal,169803.0
Surendranagar - 9,Gujarat,Chandubhai Chhaganbhai Shihora,Bharatiya Janata Party,Rutvikbhai Lavjibhai Makwana,Indian National Congress,261617.0
Surguja - 1,Chhattisgarh,Chintamani Maharaj,Bharatiya Janata Party,Shashi Singh Koram,Indian National Congress,64822.0
Tamluk - 30,West Bengal,Abhijit Gangopadhyay,Bharatiya Janata Party,Debangshu Bhattacharya,All India Trinamool Congress,77733.0
Tehri Garhwal - 1,Uttarakhand,Mala Rajya Lakshmi Shah,Bharatiya Janata Party,Jot Singh Gunsola,Indian National Congress,272493.0
Tenkasi - 37,Tamil Nadu,Dr Rani Sri Kumar,Dravida Munnetra Kazhagam,Dr K Krishnasamy,All India Anna Dravida Munnetra Kazhagam,196199.0
Thane - 25,Maharashtra,Naresh Ganpat Mhaske,Shiv Sena,Rajan Baburao Vichare,Shiv Sena (Uddhav Balasaheb Thackrey),217011.0
Thanjavur - 30,Tamil Nadu,Murasoli S,Dravida Munnetra Kazhagam,Sivanesan P,Desiya Murpokku Dravida Kazhagam,319583.0
Theni - 33,Tamil Nadu,Thanga Tamilselvan,Dravida Munnetra Kazhagam,Ttv Dhinakaran,Amma Makkal Munnettra Kazagam,278825.0
Thirupathi(Sc) - 23,Andhra Pradesh,Gurumoorthy Maddila,Yuvajana Sramika Rythu Congress Party,Vara Prasad Rao Velagapalli,Bharatiya Janata Party,14569.0
Thiruvananthapuram - 20,Kerala,Shashi Tharoor,Indian National Congress,Rajeev Chandrasekhar,Bharatiya Janata Party,16077.0
Thoothukkudi - 36,Tamil Nadu,Kanimozhi Karunanidhi,Dravida Munnetra Kazhagam,Sivasamy Velumani R,All India Anna Dravida Munnetra Kazhagam,392738.0
Thrissur - 10,Kerala,Suresh Gopi,Bharatiya Janata Party,Adv V S Sunilkumar,Communist Party Of India,74686.0
Tikamgarh - 6,Madhya Pradesh,Dr. Virendra Kumar,Bharatiya Janata Party,Khuman Urf Pankaj Ahirwar,Indian National Congress,403312.0
Tiruchirappalli - 24,Tamil Nadu,Durai Vaiko,Marumalarchi Dravida Munnetra Kazhagam,Karuppaiah. P,All India Anna Dravida Munnetra Kazhagam,313094.0
Tirunelveli - 38,Tamil Nadu,Robert Bruce C,Indian National Congress,Nainar Nagenthran,Bharatiya Janata Party,165620.0
Tiruppur - 18,Tamil Nadu,"Subbarayan, K.",Communist Party Of India,"Arunachalam, P.",All India Anna Dravida Munnetra Kazhagam,125928.0
Tiruvallur - 1,Tamil Nadu,Sasikanth Senthil,Indian National Congress,"Balaganapathy, V. Pon",Bharatiya Janata Party,572155.0
Tiruvannamalai - 11,Tamil Nadu,"Annadurai, C.N.",Dravida Munnetra Kazhagam,Kaliyaperumal M,All India Anna Dravida Munnetra Kazhagam,233931.0
Tonk-Sawai Madhopur - 12,Rajasthan,Harish Chandra Meena,Indian National Congress,Sukhbir Singh Jaunapuria,Bharatiya Janata Party,64949.0
Tripura East - 2,Tripura,Kriti Devi Debbarman,Bharatiya Janata Party,Rajendra Reang,Communist Party Of India (Marxist),486819.0
Tripura West - 1,Tripura,Biplab Kumar Deb,Bharatiya Janata Party,Asish Kumar Saha,Indian National Congress,611578.0
Tumkur - 19,Karnataka,V. Somanna,Bharatiya Janata Party,S.P. Muddahanumegowda,Indian National Congress,175594.0
Tura - 2,Meghalaya,Saleng A Sangma,Indian National Congress,Agatha K Sangma,National People'S Party,155241.0
Udaipur - 19,Rajasthan,Manna Lal Rawat,Bharatiya Janata Party,Tarachand Meena,Indian National Congress,261608.0
Udhampur - 4,Jammu And Kashmir,Dr Jitendra Singh,Bharatiya Janata Party,Ch Lal Singh,Indian National Congress,124373.0
Udupi Chikmagalur - 15,Karnataka,Kota Srinivas Poojary,Bharatiya Janata Party,K. Jayaprakash Hegde,Indian National Congress,259175.0
Ujiarpur - 22,Bihar,Nityanand Rai,Bharatiya Janata Party,Alok Kumar Mehta,Rashtriya Janata Dal,60102.0
Ujjain - 22,Madhya Pradesh,Anil Firojiya,Bharatiya Janata Party,Mahesh Parmar,Indian National Congress,375860.0
Uluberia - 26,West Bengal,Sajda Ahmed,All India Trinamool Congress,Arunuday Paulchowdhury,Bharatiya Janata Party,218673.0
Unnao - 33,Uttar Pradesh,Swami Sachchidanand Hari Sakshi,Bharatiya Janata Party,Annu Tandon,Samajwadi Party,35818.0
Uttara Kannada - 12,Karnataka,Vishweshwar Hegde Kageri,Bharatiya Janata Party,Dr. Anjali Nimbalkar,Indian National Congress,337428.0
Vadakara - 3,Kerala,Shafi Parambil,Indian National Congress,K K Shailaja Teacher,Communist Party Of India (Marxist),114506.0
Vadodara - 20,Gujarat,Dr. Hemang Joshi,Bharatiya Janata Party,Padhiyar Jashpalsinh Mahendrasinh (Bapu),Indian National Congress,582126.0
Vaishali - 16,Bihar,Veena Devi,Lok Janshakti Party(Ram Vilas),Vijay Kumar Shukla,Rashtriya Janata Dal,89634.0
Valmiki Nagar - 1,Bihar,Sunil Kumar,Janata Dal (United),Deepak Yadav,Rashtriya Janata Dal,98675.0
Valsad - 26,Gujarat,Dhaval Laxmanbhai Patel,Bharatiya Janata Party,Anantkumar Hasmukhbhai Patel,Indian National Congress,210704.0
Varanasi - 77,Uttar Pradesh,Narendra Modi,Bharatiya Janata Party,Ajay Rai,Indian National Congress,152513.0
Vellore - 8,Tamil Nadu,Dm Kathir Anand,Dravida Munnetra Kazhagam,Ac Shanmugam,Bharatiya Janata Party,215702.0
Vidisha - 18,Madhya Pradesh,Shivraj Singh Chouhan,Bharatiya Janata Party,Pratapbhanu Sharma,Indian National Congress,821408.0
Vijayawada - 12,Andhra Pradesh,Kesineni Sivanath (Chinni),Telugu Desam,Kesineni Srinivas (Nani),Yuvajana Sramika Rythu Congress Party,282085.0
Viluppuram - 13,Tamil Nadu,Ravikumar. D,Viduthalai Chiruthaigal Katchi,Bhagyaraj. J,All India Anna Dravida Munnetra Kazhagam,70703.0
Virudhunagar - 34,Tamil Nadu,Manickam Tagore B,Indian National Congress,Vijayaprabhakaran V,Desiya Murpokku Dravida Kazhagam,4379.0
Visakhapatnam - 4,Andhra Pradesh,Sribharat Mathukumili,Telugu Desam,Jhansi Lakshmi. Botcha.,Yuvajana Sramika Rythu Congress Party,504247.0
Vizianagaram - 3,Andhra Pradesh,Appalanaidu Kalisetti,Telugu Desam,Bellana Chandrasekhar,Yuvajana Sramika Rythu Congress Party,249351.0
Warangal - 15,Telangana,Kadiyam Kavya,Indian National Congress,Aroori Ramesh,Bharatiya Janata Party,220339.0
Wardha - 8,Maharashtra,Amar Sharadrao Kale,Nationalist Congress Party  Sharadchandra Pawar,Ramdas Chandrabhan Tadas,Bharatiya Janata Party,81648.0
Wayanad - 4,Kerala,Rahul Gandhi,Indian National Congress,Annie Raja,Communist Party Of India,364422.0
West Delhi - 6,Nct Of Delhi,Kamaljeet Sehrawat,Bharatiya Janata Party,Mahabal Mishra,Aam Aadmi Party,199013.0
Yavatmal- Washim - 14,Maharashtra,Sanjay Uttamrao Deshmukh,Shiv Sena (Uddhav Balasaheb Thackrey),Rajshritai Hemant Patil (Mahalle),Shiv Sena,94473.0
Zahirabad - 5,Telangana,Suresh Kumar Shetkar,Indian National Congress,B. B. Patil,Bharatiya Janata Party,46188.0
